review_id,product_id,buyer_id,rating,comment,review_date
1,29,57,1,Car after of answer just artist sure find role.,2026-02-22
2,36,60,4,Suggest design use offer time room trial style admit.,2026-02-20
3,31,77,5,Civil student seek country I relate.,2026-02-10
4,17,57,1,Doctor want state word natural sound person.,2026-02-10
5,43,56,3,Line everybody air make support glass quite.,2026-02-21
6,41,65,5,,2026-01-06
7,11,46,2,,2026-02-15
8,25,42,1,,2026-02-20
9,23,51,5,Land effort usually certainly build concern ask direction.,2026-02-22
10,45,47,3,Voice establish improve south house major Mr serve get increase.,2026-03-16
11,36,69,1,,2026-01-10
12,35,46,5,,2026-03-12
13,47,47,5,Radio able rock later rock want.,
14,36,79,2,,2026-02-23
15,38,65,4,Treatment some last able left find international whose eye economy ask blue.,2026-02-11
16,45,62,3,,2026-03-14
17,43,89,1,Right almost own ready change concern really blood treatment.,2026-01-18
18,3,75,1,Listen though success speech practice half eight everyone task.,2026-02-04
19,28,87,5,Process base audience human service most particularly so defense.,2026-01-09
20,27,62,5,Relationship do themselves might value thank forward.,2026-01-24
21,27,74,3,Yet adult task century up degree attack never together deep feeling shoulder experience.,2026-03-27
22,33,50,5,Treat miss camera provide require challenge dog season model likely.,2026-03-21
23,9,89,3,,2026-02-11
24,19,68,2,Field work crime loss military win agent responsibility decision total media ahead really.,2026-03-17
25,48,64,5,There common budget game tonight student.,2026-02-10
26,40,49,2,Set wind election consider grow cup and.,2026-03-09
27,49,45,4,Check officer public challenge from left force money bill approach together.,2026-03-22
28,13,94,5,Part herself edge seem bit price instead learn yeah.,2026-03-25
29,43,42,3,Difficult step least if manager collection.,2026-03-12
30,23,82,1,Ever agency forget position strategy leg address school Mr start film fight service.,2026-03-18
31,34,41,1,Whole clearly keep test language growth yet approach all tough perform prove somebody.,2026-03-15
32,23,74,4,Field example tonight business officer smile he.,2026-01-05
33,27,87,4,,2026-01-02
34,2,55,4,,2026-02-17
35,7,80,2,Fine particular speak travel return building draw anyone like politics avoid.,2026-02-16
36,24,48,2,,2026-02-28
37,38,51,3,Third indeed term nature town minute some start hope wind forget carry.,2026-02-06
38,3,49,5,Figure least after activity let role indeed to ask price.,2026-02-27
39,43,99,5,Wind same suffer general position life.,2026-03-12
40,24,68,3,Sell matter phone financial sort dark half crime continue space reveal week girl.,2026-02-15
41,7,42,1,Particularly walk theory for study strategy sound best raise.,2026-01-11
42,11,67,3,Possible option this church anyone among us.,2026-02-22
43,30,48,2,Single approach fast nor run attack.,2026-01-27
44,29,91,3,,2026-03-06
45,9,81,2,,2026-02-08
46,11,45,3,Politics personal owner sell court likely may public whatever age.,2026-03-19
47,11,49,2,Focus morning practice animal walk firm administration rest.,2026-01-14
48,31,76,2,Mouth traditional star dog ahead much technology receive ground name finally put.,2026-01-17
49,29,49,1,Most but remember party happen poor year meet whether.,2026-01-07
50,2,77,4,,2026-01-01
51,16,64,2,Student suddenly writer partner from fly mouth event.,2026-02-16
52,14,41,5,Save deep brother contain recognize piece record finish write population speech situation.,2026-03-27
53,22,73,5,,2026-01-17
54,21,45,3,Site manage leader agree since want customer.,2026-03-26
55,10,52,3,Sure process then pick tell three boy expect.,2026-02-06
56,3,74,2,Product explain word behavior hear though stuff our article music language.,2026-03-13
57,19,58,1,Mother successful project our human official conference teacher around.,2026-02-21
58,15,69,5,,2026-03-18
59,6,69,1,,2026-01-04
60,42,51,3,,2026-02-28
61,3,48,2,Positive mouth top such dinner that nearly toward someone benefit challenge next wind.,2026-01-25
62,36,83,4,Difference budget process memory require property occur power movie movement part beyond.,2026-02-25
63,6,57,5,Point live method risk certain allow employee realize dog sign.,2026-01-20
64,25,84,4,Senior check service ago home smile product spring describe.,2026-02-12
65,45,45,2,Outside road religious group fast relate easy day.,2026-02-08
66,34,88,5,Expect south recently so personal sense officer government similar near defense mouth step.,2026-01-07
67,40,90,2,Section thought involve talk within month play nice.,2026-03-20
68,48,89,4,,2026-01-18
69,45,59,4,Adult Republican inside role bring here camera save suffer stage those cold can.,2026-01-19
70,30,76,5,Official resource although store watch authority technology goal.,2026-02-17
71,43,61,3,Work three there career special nature growth particularly general.,2026-03-21
72,16,53,4,Her year market but military skill that.,2026-03-26
73,46,41,4,,2026-01-03
74,1,52,4,,2026-01-27
75,49,84,1,And try audience process race want during own investment artist look.,2026-01-25
76,44,64,3,Establish animal owner again exist experience style.,2026-01-30
77,42,53,1,,2026-03-27
78,2,91,5,Mind article act animal performance nearly plan control.,2026-01-04
79,6,52,5,Environment large rate other success end expect approach.,2026-03-13
80,9,82,5,Future world family instead matter resource wife scientist.,2026-02-18
81,35,70,2,,2026-03-19
82,41,72,4,Appear whatever two nation stop thank pass treatment animal down discover explain.,2026-01-21
83,26,69,2,,2026-03-28
84,7,90,1,Administration build many follow artist leg pass card.,2026-01-28
85,44,80,2,,
86,45,46,5,Reflect crime government not according development gun first model.,2026-01-04
87,11,81,2,Use should type third teach affect.,
88,45,70,2,,2026-01-02
89,3,73,5,Live world wonder conference agree in entire middle best new.,2026-02-28
90,4,98,2,,2026-03-14
91,47,42,2,Weight evening go save lay free.,2026-02-20
92,1,51,1,Begin dinner budget early never clear writer seek look town rate.,2026-02-19
93,9,44,3,,2026-01-18
94,26,80,5,Sell write attention law factor authority safe term reason modern type movement trial.,2026-03-07
95,27,73,5,Road race writer test there trade product run health mention.,2026-03-18
96,6,74,1,Answer this wish reason physical increase determine would marriage.,2026-03-27
97,7,83,1,Participant event possible find find watch style.,2026-02-10
98,48,61,3,Gas risk reach several authority go fish recognize total fish.,2026-02-01
99,33,85,5,Including shoulder budget tonight bit image north keep team himself least into.,2026-01-02
100,4,74,3,Voice debate worker decade shoulder concern girl gas now quickly family country.,2026-01-23
101,22,44,4,Situation result although we option sport.,2026-03-26
102,12,44,4,Road country bank international detail among trouble middle.,2026-03-03
103,30,43,1,Require top serve health someone second high memory determine poor bag.,2026-01-06
104,26,51,1,Similar system office particularly huge surface democratic cause his receive especially learn.,2026-01-18
105,27,56,4,Force will left treatment card involve task together bank white hair.,2026-01-27
106,31,93,2,Debate politics stage executive particularly yard design beat drive space fire dream.,2026-03-21
107,15,81,3,Letter trip culture quickly yet if build reason decide summer.,2026-03-19
108,23,41,5,Hard she close bed usually local specific fill now certainly some sit.,2026-01-16
109,25,80,1,Play treat plan into contain nice agent soon how morning truth.,2026-01-07
110,40,89,4,Analysis official recognize show exactly ball.,2026-01-04
111,29,69,3,Enter behind success act newspaper person police shoulder involve popular.,2026-03-09
112,27,93,4,Administration loss raise also by item.,2026-01-24
